instance,type,city_count,runs,Fbeta_mean,Fbeta_std,Fbeta_best,Fbeta_worst,DI_mean,DI_std,DI_best,DI_worst,route_cost_mean,route_cost_best,elapsed_mean
MSTSP1,Simple,9,1,1.0,,1.0,1.0,1.0,,1.0,1.0,680.0,680.0,5.097053599998617
MSTSP2,Simple,10,1,1.0,,1.0,1.0,1.0,,1.0,1.0,1265.0,1265.0,7.707351200006087
MSTSP3,Simple,10,1,1.0,,1.0,1.0,1.0,,1.0,1.0,832.0,832.0,7.353700699997717
MSTSP4,Simple,11,1,1.0,,1.0,1.0,1.0,,1.0,1.0,803.0,803.0,7.8326557999971556
MSTSP5,Simple,12,1,1.0,,1.0,1.0,1.0,,1.0,1.0,754.0,754.0,8.91461210000125
MSTSP6,Simple,12,1,1.0,,1.0,1.0,1.0,,1.0,1.0,845.0,845.0,11.513178799999878
MSTSP7,Geometry,10,1,0.9825581395348838,,0.9825581395348838,0.9825581395348838,0.9857142857142858,,0.9857142857142858,0.9857142857142858,130.0,130.0,18.69413770000392
MSTSP8,Geometry,12,1,1.0,,1.0,1.0,1.0,,1.0,1.0,1344.0,1344.0,172.447256200001
MSTSP9,Geometry,10,1,1.0,,1.0,1.0,1.0,,1.0,1.0,72.0,72.0,7.725087899998471
MSTSP10,Geometry,10,1,1.0,,1.0,1.0,1.0,,1.0,1.0,72.0,72.0,9.710448899997573
MSTSP11,Geometry,10,1,1.0,,1.0,1.0,1.0,,1.0,1.0,78.0,78.0,10.23735690000467
MSTSP12,Geometry,15,1,1.0,,1.0,1.0,1.0,,1.0,1.0,130.0,130.0,270.5135661000022
MSTSP13,Composite,28,1,0.9966666666666667,,0.9966666666666667,0.9966666666666667,0.9989795918367347,,0.9989795918367347,0.9989795918367347,3055.0,3055.0,1414.1489472999965
MSTSP14,Composite,34,1,1.0,,1.0,1.0,1.0,,1.0,1.0,3575.0,3575.0,370.27524599999924
MSTSP15,Composite,22,1,1.0,,1.0,1.0,1.0,,1.0,1.0,9455.0,9455.0,711.2063661000011
MSTSP16,Composite,33,1,1.0,,1.0,1.0,1.0,,1.0,1.0,8761.0,8761.0,1044.9543476
MSTSP17,Composite,35,1,1.0,,1.0,1.0,1.0,,1.0,1.0,9061.0,9061.0,772.1804264999992
MSTSP18,Composite,39,1,1.0,,1.0,1.0,1.0,,1.0,1.0,23763.0,23763.0,1318.1397601999997
MSTSP19,Composite,42,1,0.9879999999999999,,0.9879999999999999,0.9879999999999999,0.9976190476190476,,0.9976190476190476,0.9976190476190476,14408.0,14408.0,1155.2172351000008
MSTSP20,Composite,45,1,0.9285714285714286,,0.9285714285714286,0.9285714285714286,0.9888888888888889,,0.9888888888888889,0.9888888888888889,10973.0,10973.0,540.3565729000002
MSTSP21,Composite,48,1,1.0,,1.0,1.0,1.0,,1.0,1.0,6767.0,6767.0,753.5330747999978
MSTSP22,Composite,55,1,0.3513513513513513,,0.3513513513513513,0.3513513513513513,0.8848484848484849,,0.8848484848484849,0.8848484848484849,10442.0,10442.0,320.60492990000057
MSTSP23,Composite,59,1,0.8783783783783783,,0.8783783783783783,0.8783783783783783,0.9830508474576272,,0.9830508474576272,0.9830508474576272,24451.0,24451.0,502.26062620000084
MSTSP24,Composite,60,1,0.7100840336134454,,0.7100840336134454,0.7100840336134454,0.9694444444444444,,0.9694444444444444,0.9694444444444444,9614.0,9614.0,678.2462497999986
MSTSP25,Composite,66,1,0.5078125,,0.5078125,0.5078125,0.8875291375291374,,0.8875291375291374,0.8875291375291374,9521.0,9521.0,1744.3370658000022
